department_id,department_name,city,address
1,Reinhard Wisdom,Sumuran,70812 Mandrake Crossing
2,Ameline Otterwell,Puchong,11976 Service Junction
3,Louise Bruhn,Qixian,7 Linden Pass
4,Melisenda Zuann,Fonadhoo,80234 Alpine Place
5,Mareah Deadman,Fryanovo,04 Dunning Alley
6,Ozzy Rouse,Węgrzce Wielkie,2234 Crownhardt Street
7,Wilone Brind,Troyes,86716 Hintze Junction
8,Quintina Martinie,Domašinec,0223 Blackbird Lane
9,Bernice Abramovitch,Piña,75 Burrows Place
10,Gustavo Menham,Orsay,63 Sutherland Way
11,Clarice Hatto,Hongxi,8 Kingsford Court
12,Silvia Giorgioni,Xiadingjia,889 Sheridan Pass
13,Fleur MacLaren,Boleiros,8 Vermont Parkway
14,Zsa zsa Skeath,Juàzeirinho,914 Amoth Point
15,Deanne Habbon,Ban Rangsit,1817 American Ash Junction
16,Winni Rubury,Malvern,2 Monica Drive
17,Liuka Varfolomeev,Cisewu,000 Sheridan Terrace
18,Aurel Jennings,Świnice Warckie,315 Green Park
19,Terrence McKiddin,Likhoy,52 Brickson Park Road
20,Tobin Herety,Tabuk,6 Mallard Drive
21,Clyde Alekseev,Miaotang,84208 Burrows Trail
22,Viv Guidini,Старо Нагоричане,11003 Sycamore Parkway
23,Meridith Verbrugghen,Ibeto,3745 Forest Run Pass
24,Caprice Kennaway,Bagakay,2793 Dennis Place
25,Korney Amort,Novi Slankamen,29133 Graceland Point
26,Wanids Roycroft,Boshchorbogh,3067 Garrison Center
27,Marie Roddie,Budapest,968 Eagan Terrace
28,Wilfred Redmore,Hisings Kärra,86941 Main Drive
29,Shannah Labrum,Dimataling,8587 Manley Pass
30,Lorettalorna Pear,Phutthaisong,183 Hazelcrest Road
31,Angelique Cabel,Jembe Timur,7957 Pine View Place
32,Vickie Hearley,Nanshui,0 High Crossing Place
33,Linc Faichney,Sinop,70888 Havey Way
34,Desi Abercromby,Suzuka,0895 Upham Place
35,Mannie Redley,Wushi,48247 Darwin Crossing
36,Eloise Dudson,Itaitinga,229 Carpenter Circle
37,Cale Doorey,Castleblayney,87 Stoughton Parkway
38,Arv Rosenbusch,Zhenhai,5 Stang Avenue
39,Denys Haglinton,Talnakh,50628 Jackson Drive
40,Esther Dubbin,Qalandiyā,19 Schmedeman Way
41,Frances Nudd,McKinley,39621 Oneill Hill
42,Darell Feld,Fenghuangdong,3046 Bultman Plaza
43,Rafaela Hellyar,Pengembur Dua,21 Express Center
44,Vania Corneille,Pujocucho,13492 Monterey Street
45,Patrice Vacher,Solok,2179 Clyde Gallagher Drive
46,Modesty Flook,Ryazhsk,699 Algoma Circle
47,Amandy Kringe,Kaiyuan,109 Sage Crossing
48,Temp Kitney,Princeville,6147 Myrtle Terrace
49,Virginia Fried,Pampachiri,3486 Green Pass
50,Kristoffer Huffadine,Dongcun,70455 Burrows Place
